Model,Estimation observations,Forecast observations,Estimation start,Estimation end,Forecast start,Forecast end,Predictors
LightGBM,3190,1304,2008-10-10,2020-12-31,2021-01-01,2025-12-31,4
XGBoost,3190,1304,2008-10-10,2020-12-31,2021-01-01,2025-12-31,4
Lasso,3190,1304,2008-10-10,2020-12-31,2021-01-01,2025-12-31,13
MLP,3190,1304,2008-10-10,2020-12-31,2021-01-01,2025-12-31,4
OLS,3127,1304,2009-01-07,2020-12-31,2021-01-01,2025-12-31,8
Ridge,3169,1304,2008-11-10,2020-12-31,2021-01-01,2025-12-31,5
Elastic Net,3168,1304,2008-11-11,2020-12-31,2021-01-01,2025-12-31,6
Huber,3169,1304,2008-11-10,2020-12-31,2021-01-01,2025-12-31,3
Spline Ridge,3126,1304,2009-01-08,2020-12-31,2021-01-01,2025-12-31,9
