origin_date,target_date,horizon_days,phi,c,forecast,actual,error
2020-12-31,2021-01-29,20,0.9999507241971763,0.00029555976953718477,14.672439348476704,15.1903,-0.5178606515232964
2021-01-08,2021-02-05,20,0.9999560274174496,0.00029294854087096224,15.41927739925168,14.9266,0.4926773992516793
2021-01-15,2021-02-12,20,0.9999545778196764,0.0002936880500686553,15.232722833590008,14.661,0.5717228335900089
2021-01-22,2021-02-19,20,0.999953708090026,0.00029413792322165253,15.12798515318154,14.5616,0.5663851531815389
2021-01-29,2021-02-26,20,0.999954411280599,0.0002938046072194639,15.241943415198383,14.8367,0.4052434151983828
2021-02-05,2021-03-05,20,0.9999523966314349,0.0002948126533854472,14.976256261561973,15.3047,-0.3284437384380272
2021-02-12,2021-03-12,20,0.9999503624685835,0.00029581309330579513,14.70871112056878,14.9757,-0.26698887943121896
2021-02-19,2021-03-19,20,0.9999495265963434,0.00029623292174804747,14.608554681738068,14.654,-0.04544531826193143
2021-02-26,2021-03-26,19,0.9999514265731305,0.00029532368781515217,14.883072342480506,15.0113,-0.12822765751949383
2021-03-05,2021-04-01,18,0.9999546906710687,0.0002937170733345041,15.351615294173179,14.7241,0.627515294173179
2021-03-12,2021-04-09,17,0.9999522002867732,0.0002949829809275964,15.017907026641964,14.5894,0.4285070266419648
2021-03-19,2021-04-16,17,0.9999497658997757,0.00029618585163804093,14.694227104451995,14.2549,0.43932710445199596
2021-03-26,2021-04-23,18,0.9999522792037937,0.00029495554183911303,15.056118428462264,14.2938,0.7623184284622653
2021-04-01,2021-04-30,18,0.9999501256924936,0.00029601969644493006,14.767048923511156,14.3799,0.38714892351115715
2021-04-09,2021-05-07,19,0.999949073620164,0.0002965342075534573,14.63380901171764,14.2393,0.3945090117176395
2021-04-16,2021-05-14,19,0.9999465427276415,0.0002977488113014848,14.297114389850272,14.1485,0.14861438985027142
2021-04-23,2021-05-21,19,0.9999467424065803,0.0002976569704706906,14.336209596202856,13.9859,0.3503095962028553
2021-04-30,2021-05-28,20,0.9999472858726094,0.00029741309278634394,14.425068335482685,13.8194,0.6056683354826848
2021-05-07,2021-06-04,20,0.9999461740340826,0.00029794403858683454,14.283482536284058,13.6629,0.6205825362840578
2021-05-14,2021-06-11,20,0.999945418096002,0.0002983086079256482,14.192033365839693,13.5667,0.6253333658396922
2021-05-21,2021-06-18,19,0.999944146177022,0.0002989032631590671,14.026211598172328,14.0811,-0.05488840182767163
2021-05-28,2021-06-25,19,0.9999428394561753,0.00029950981156382547,13.858663779858711,14.1637,-0.3050362201412895
2021-06-04,2021-07-02,19,0.9999415990447058,0.0003000828791028764,13.701193319661453,14.4582,-0.7570066803385469
2021-06-11,2021-07-09,19,0.9999408027014063,0.00030045057069434943,13.604388549369633,14.2773,-0.6729114506303677
2021-06-18,2021-07-16,20,0.9999444829126887,0.0002987929058701805,14.123937590998612,14.4485,-0.32456240900138766
2021-06-25,2021-07-23,20,0.9999449804418142,0.0002985791930216891,14.207010696836736,14.7561,-0.5490893031632638
2021-07-02,2021-07-30,20,0.9999470204674328,0.0002976189176592009,14.503385301793461,14.5593,-0.05591469820653927
2021-07-09,2021-08-06,20,0.9999456229051805,0.00029829368056895507,14.321239762379179,14.5415,-0.22026023762082048
2021-07-16,2021-08-13,19,0.9999467515025681,0.0002977752985307747,14.49125006801529,14.838,-0.34674993198470894
2021-07-23,2021-08-20,19,0.9999488531165148,0.00029677090679006146,14.800753411992599,15.353,-0.5522465880074012
2021-07-30,2021-08-27,19,0.9999473503696955,0.0002975125921624776,14.60263726224678,14.9042,-0.30156273775321907
2021-08-06,2021-09-03,19,0.9999471280877215,0.0002976298246993891,14.58466968661206,14.4109,0.17376968661205972
2021-08-13,2021-09-10,20,0.9999491553946993,0.00029665536757384576,14.88539114427092,14.0946,0.790791144270921
2021-08-20,2021-09-17,20,0.9999526783684954,0.00029490701605768135,15.40392803691244,14.6129,0.7910280369124401
2021-08-27,2021-09-23,19,0.9999494234888111,0.000296547319830226,14.94953080409528,14.6646,0.28493080409528027
2021-09-03,2021-10-01,19,0.9999458235308657,0.00029830817956338207,14.453043251532998,15.0323,-0.5792567484670013
2021-09-10,2021-10-08,19,0.9999434732582585,0.00029942391703644515,14.134770430885286,14.9389,-0.8041295691147141
2021-09-17,2021-10-15,19,0.9999470750582455,0.0002977244324738901,14.656196299767435,14.6865,-0.030303700232565234
2021-09-23,2021-10-22,20,0.9999473682201035,0.0002975883510021812,14.710475297427136,14.6151,0.09537529742713602
2021-10-01,2021-10-29,20,0.9999498469945586,0.00029638793103839434,15.08059705981222,15.2746,-0.19400294018777942
2021-10-08,2021-11-05,19,0.9999490942680784,0.0002967723411183931,14.984113448217796,15.2901,-0.3059865517822047
2021-10-15,2021-11-12,19,0.9999472307225947,0.0002976933328495442,14.730048351120443,15.3157,-0.5856516488795567
2021-10-22,2021-11-19,19,0.9999466405980325,0.00029798497726312865,14.65814858570974,15.6168,-0.9586514142902587
2021-10-29,2021-11-26,19,0.99995114579835,0.0002957697804277515,15.321836820044664,16.319,-0.9971631799553347
2021-11-05,2021-12-03,20,0.9999511818485788,0.00029575336363599214,15.339886191411805,16.0342,-0.694313808588193
2021-11-12,2021-12-10,20,0.9999512319221827,0.0002957575437605727,15.3655877429196,16.0345,-0.668912257080402
2021-11-19,2021-12-17,19,0.999953207309531,0.0002947539463914784,15.66615738297338,15.8767,-0.21054261702662025
2021-11-26,2021-12-24,19,0.9999578579179511,0.00029232824950355455,16.37322263286843,15.6357,0.7375226328684299
2021-12-03,2021-12-31,18,0.9999558180101946,0.0002934282844304359,16.08356309573009,15.8899,0.19366309573008778
2021-12-10,2022-01-07,18,0.9999557088805875,0.0002934988494848658,16.08379652353799,15.7,0.3837965235379919
2021-12-17,2022-01-14,19,0.9999545499719101,0.0002941200453521705,15.927576972154407,15.32,0.6075769721544066
2021-12-24,2022-01-21,19,0.999952815917513,0.00029502649558616183,15.684860698811063,15.1567,0.5281606988110621
2021-12-31,2022-01-28,20,0.9999544589589772,0.00029417991793633143,15.943429297639096,15.4935,0.4499292976390965
2022-01-07,2022-02-04,20,0.9999530719242078,0.0002949105964173394,15.752088622139343,15.2606,0.4914886221393431
2022-01-14,2022-02-11,20,0.9999503853135221,0.00029629628695289345,15.369352763734245,15.1005,0.2688527637342446
2022-01-21,2022-02-18,20,0.9999491737697465,0.0002969148221975711,15.204874670521068,14.9354,0.26947467052106866
2022-01-28,2022-02-25,20,0.9999513737722789,0.00029581017145221004,15.543929193941208,15.326,0.2179291939412078
2022-02-04,2022-03-04,20,0.9999496845244149,0.00029668325168377154,15.309354000702664,15.2827,0.02665400070266344
2022-02-11,2022-03-11,20,0.9999484883603953,0.0002972993518719491,15.148105893731339,15.0824,0.06570589373133906
2022-02-18,2022-03-18,20,0.9999472675098323,0.0002979135584198897,14.98184982154147,14.9391,0.04274982154147011
2022-02-25,2022-03-25,19,0.9999498339694904,0.00029664131624006424,15.37255634430567,14.543,0.8295563443056704
2022-03-04,2022-04-01,19,0.9999494430447876,0.00029684976576277265,15.328916333613261,14.581,0.7479163336132615
2022-03-11,2022-04-08,19,0.9999479912936252,0.00029758542971682067,15.127281237905324,14.7138,0.413481237905323
2022-03-18,2022-04-14,18,0.9999469304432806,0.00029811570870706276,14.980716095688676,14.6483,0.33241609568867503
2022-03-25,2022-04-22,18,0.9999441440335709,0.0002994828331253392,14.58228742498303,15.4949,-0.9126125750169702
2022-04-01,2022-04-29,17,0.9999443166036831,0.0002994100110123173,14.618260619876468,15.8889,-1.2706393801235318
2022-04-08,2022-05-06,16,0.9999451477916582,0.00029900961328880986,14.749500416898028,16.0525,-1.30299958310197
2022-04-14,2022-05-13,17,0.9999446293000701,0.0002992687344624697,14.685842914174103,16.0337,-1.347857085825897
2022-04-22,2022-05-20,18,0.9999502694292463,0.00029647990823959523,15.539624608948184,15.8428,-0.30317539105181623
2022-04-29,2022-05-27,19,0.9999528281114278,0.0002951560871543727,15.93867679328824,15.6402,0.2984767932882395
2022-05-06,2022-06-03,20,0.9999538056166,0.0002946676287399082,16.106000521868935,15.4117,0.6943005218689358
2022-05-13,2022-06-10,20,0.9999535814007408,0.0002947947534022721,16.086995965855937,15.4804,0.6065959658559379
2022-05-20,2022-06-17,19,0.9999522094502548,0.0002955318109807139,15.892070994116573,15.9196,-0.027529005883428326
2022-05-27,2022-06-24,19,0.999950773382473,0.00029628294468274553,15.688070757466127,15.9334,-0.24532924253387378
2022-06-03,2022-07-01,19,0.9999491622497235,0.00029711441706047173,15.458033797664188,16.3482,-0.890166202335811
2022-06-10,2022-07-08,19,0.9999495233230349,0.00029694125970992913,15.52711444339088,16.8419,-1.3147855566091184
2022-06-17,2022-07-15,20,0.9999523216974746,0.0002955220261265934,15.971740963886022,17.2362,-1.264459036113978
2022-06-24,2022-07-22,20,0.9999523212943396,0.00029552629217327353,15.985573966980285,17.016,-1.0304260330197135
2022-07-01,2022-07-29,20,0.9999549389366703,0.00029414123609158654,16.403275916761892,16.5087,-0.10542408323810903
2022-07-08,2022-08-05,20,0.9999580359946083,0.00029245974569802266,16.90057456938514,16.5781,0.32247456938513963
2022-07-15,2022-08-12,19,0.9999604573505805,0.00029111788883534606,17.294747917019286,16.1698,1.1249479170192878
2022-07-22,2022-08-19,19,0.9999589365255632,0.00029198010255318963,17.07284591260877,16.8918,0.18104591260877
2022-07-29,2022-08-26,19,0.9999555623334492,0.000293847659977362,16.561851831654916,16.8291,-0.267248168345084
2022-08-05,2022-09-02,19,0.9999559082538962,0.000293667785008849,16.631666569655245,17.3139,-0.6822334303447555
2022-08-12,2022-09-09,20,0.9999531753680906,0.00029515501726701997,16.223171245733845,17.284,-1.0608287542661543
2022-08-19,2022-09-16,20,0.9999577224822962,0.00029269473309995186,16.950385472174567,17.655,-0.7046145278254343
2022-08-26,2022-09-23,20,0.9999572207019435,0.0002929777481543583,16.8871381094953,17.7755,-0.8883618905047008
2022-09-02,2022-09-30,20,0.9999601916497642,0.00029132994020514914,17.37556003927433,17.8937,-0.5181399607256694
2022-09-09,2022-10-07,20,0.999959894330399,0.00029150558100425107,17.345344328298584,17.9767,-0.6313556717014173
2022-09-16,2022-10-14,20,0.9999621066899564,0.0002902627962678983,17.71917046831647,18.1708,-0.4516295316835297
2022-09-23,2022-10-21,20,0.9999627548753023,0.0002898930051768876,17.840550352211704,18.3618,-0.5212496477882951
2022-09-30,2022-10-28,20,0.9999633696655839,0.00028955117516215706,17.95960866020593,18.1019,-0.14229133979407038
2022-10-07,2022-11-04,20,0.9999637700402828,0.00028932708290223654,18.043189909745745,18.2961,-0.2529100902542538
2022-10-14,2022-11-11,20,0.9999648480604204,0.00028871027404653304,18.238781620164417,17.2798,0.9589816201644155
2022-10-21,2022-11-18,20,0.9999659070856889,0.0002880941583056395,18.4312701381677,17.389,1.0422701381677015
2022-10-28,2022-11-25,20,0.9999641855054243,0.0002891183225434789,18.169123141012832,17.0837,1.085423141012832
2022-11-04,2022-12-02,20,0.9999652593731713,0.0002884984047753801,18.364823155071196,17.5034,0.861423155071197
2022-11-11,2022-12-09,20,0.9999588300621688,0.0002922345868344167,17.340333546537224,17.161,0.17933354653722233
2022-11-18,2022-12-15,19,0.9999594129761957,0.0002919072610080087,17.447223948651043,17.3492,0.09802394865104347
2022-11-25,2022-12-23,19,0.9999574039352634,0.00029304484945274833,17.13964883696218,17.114,0.0256488369621799
2022-12-02,2022-12-30,17,0.9999598994386689,0.00029165324296636795,17.5560911965297,16.9831,0.5729911965296992
2022-12-09,2023-01-06,16,0.9999576690616367,0.0002929200746551175,17.208439061747836,17.1939,0.014539061747836257
2022-12-15,2023-01-13,17,0.9999587245228496,0.0002923537698484302,17.400747148019903,16.7265,0.6742471480199015
2022-12-23,2023-01-20,17,0.9999571656476475,0.0002932344235765342,17.16397757146095,17.2468,-0.08282242853904975
2022-12-30,2023-01-27,19,0.9999562912508467,0.00029372531935661916,17.03800064019883,17.2577,-0.21969935980116873
2023-01-06,2023-02-03,20,0.999957512793268,0.00029305452756783756,17.25319298516069,17.1455,0.1076929851606927
2023-01-13,2023-02-10,20,0.9999545024487482,0.0002947328597889127,16.78229025562902,17.7503,-0.9680097443709776
2023-01-20,2023-02-17,20,0.9999576284584027,0.00029300897865404564,17.306328516752966,18.2712,-0.964871483247034
2023-01-27,2023-02-24,20,0.9999575961638205,0.0002930326310282435,17.317233195936495,18.309,-0.9917668040635057
2023-02-03,2023-03-03,20,0.9999567932174044,0.0002934972029426941,17.204115807217935,18.1537,-0.9495841927820656
2023-02-10,2023-03-10,20,0.9999603882347002,0.000291471048318747,17.813413034219028,18.4585,-0.6450869657809726
2023-02-17,2023-03-17,20,0.9999634253653064,0.00028971675170363497,18.338338810881684,18.3149,0.023438810881682315
2023-02-24,2023-03-24,19,0.9999635402095637,0.000289656988080044,18.37297848370531,18.1647,0.20827848370531044
2023-03-03,2023-03-31,19,0.9999624942330515,0.0002902794410568621,18.21640890837823,17.8139,0.4025089083782305
2023-03-10,2023-04-06,18,0.9999642010640829,0.0002892881939746691,18.520022338745836,18.1575,0.36252233874583695
2023-03-17,2023-04-14,17,0.9999632304381065,0.00028986903134648286,18.371935086062678,18.1129,0.2590350860626778
2023-03-24,2023-04-21,18,0.9999622301673669,0.00029047108306053446,18.223944338569655,18.0983,0.12564433856965707
2023-03-31,2023-04-28,17,0.999960012624813,0.0002917681393847022,17.86744571509167,18.4303,-0.5628542849083296
2023-04-06,2023-05-05,17,0.9999619877329334,0.00029062830101646894,18.213262443592566,18.3544,-0.14113755640743264
2023-04-14,2023-05-12,18,0.9999616335333706,0.0002908419123409294,18.171566513243356,19.3767,-1.205133486756644
2023-04-21,2023-05-19,18,0.9999614462233651,0.00029095335378631626,18.156788432946453,19.3487,-1.1919115670535483
2023-04-28,2023-05-26,19,0.9999633395909563,0.000289843259785344,18.494477736013934,19.7446,-1.2501222639860643
2023-05-05,2023-06-02,20,0.9999628080963523,0.0002901584261887913,18.42128407584689,19.5325,-1.1112159241531074
2023-05-12,2023-06-09,20,0.9999686646840197,0.0002866618127037834,19.451920272471384,18.8235,0.6284202724713843
2023-05-19,2023-06-15,19,0.9999683747463414,0.00028685177874590746,19.419819949820397,18.3303,1.0895199498203958
2023-05-26,2023-06-23,19,0.9999705285884651,0.0002855387999374199,19.81885968340595,18.6313,1.1875596834059508
2023-06-02,2023-06-30,19,0.9999691887922078,0.00028637241968687555,19.604907170376105,18.9237,0.6812071703761049
2023-06-09,2023-07-07,19,0.9999649655844484,0.0002889446554909541,18.890160123718264,19.0764,-0.18623987628173566
2023-06-15,2023-07-14,20,0.9999619873239476,0.0002907208745113385,18.396442534943066,18.0212,0.3752425349430659
2023-06-23,2023-07-21,20,0.9999636398813284,0.00028975177612457366,18.699742956520684,17.956,0.7437429565206841
2023-06-30,2023-07-28,20,0.9999652306318715,0.0002888059456169343,18.994420229613397,17.8692,1.1252202296133973
2023-07-07,2023-08-04,20,0.9999660025247515,0.00028834569310207114,19.148279524975454,18.685,0.4632795249754551
2023-07-14,2023-08-11,19,0.9999597147538647,0.0002921011376685602,18.081409416558113,18.8743,-0.7928905834418885
2023-07-21,2023-08-18,19,0.9999592312932775,0.0002923861450934291,18.015661060767876,19.0725,-1.0568389392321258
2023-07-28,2023-08-25,19,0.9999585988865646,0.0002927721564313353,17.928150181825774,18.6564,-0.728249818174227
2023-08-04,2023-09-01,19,0.9999632412003303,0.00029006716778876007,18.749862551713665,18.7612,-0.01133744828633354
2023-08-11,2023-09-08,20,0.9999642504478801,0.0002894659728525095,18.94402870077648,19.1072,-0.16317129922351725
2023-08-18,2023-09-15,20,0.9999652741676063,0.0002888583217659694,19.143741284517684,19.0481,0.09564128451768283
2023-08-25,2023-09-22,20,0.9999627716600243,0.00029036774251100194,18.724195774807193,18.8488,-0.12460422519280812
2023-09-01,2023-09-29,19,0.9999632708522391,0.0002900742179898346,18.82630719911573,18.784,0.04230719911572933
2023-09-08,2023-10-06,19,0.9999651365476545,0.00028896228077340824,19.17486413449575,19.4202,-0.24533586550425213
2023-09-15,2023-10-13,19,0.9999646918502811,0.00028923581004578955,19.115217283709924,18.9642,0.15101728370992262
2023-09-22,2023-10-20,19,0.999963451409639,0.00028998474244735427,18.914308168387254,19.1057,-0.1913918316127443
2023-09-29,2023-10-27,20,0.9999629783963941,0.00029028482182707577,18.85236124374697,18.8845,-0.032138756253029754
2023-10-06,2023-11-03,20,0.9999664825907002,0.000288168981254292,19.493624751567303,18.4397,1.0539247515673047
2023-10-13,2023-11-10,20,0.9999637861145774,0.00028981633437241694,19.033809244957478,18.6541,0.3797092449574784
2023-10-20,2023-11-17,20,0.9999644775535994,0.00028940676863712495,19.176350874761752,18.384,0.7923508747617518
2023-10-27,2023-11-24,20,0.9999631126844922,0.0002902383258185083,18.953284128952866,18.8957,0.05758412895286469
2023-11-03,2023-12-01,20,0.9999604695364952,0.0002918208341681676,18.504922987552973,18.8143,-0.3093770124470261
2023-11-10,2023-12-08,20,0.9999615880099246,0.00029116539876705705,18.720890592528438,18.8313,-0.11040940747156114
2023-11-17,2023-12-14,19,0.9999599152283314,0.00029218315282205807,18.445373564259775,18.6113,-0.16592643574022503
2023-11-24,2023-12-22,19,0.9999627098884024,0.0002905333065992931,18.96075073188503,18.4175,0.5432507318850313
2023-12-01,2023-12-29,17,0.9999621446353599,0.00029087875428696714,18.8718743732469,18.5826,0.28927437324690075
2023-12-08,2024-01-05,16,0.9999621401871346,0.0002908848486899984,18.8855203258699,18.7906,0.09492032586990007
2023-12-14,2024-01-12,17,0.9999607942439228,0.0002917071778246183,18.6673930639162,18.5818,0.0855930639161997
2023-12-22,2024-01-19,17,0.9999595784338438,0.00029244425233199524,18.47225669403957,18.9904,-0.5181433059604323
2023-12-29,2024-01-26,19,0.999960456992802,0.0002919255935136533,18.644953781085395,18.9156,-0.2706462189146066
2024-01-05,2024-02-02,20,0.9999615444630655,0.00029128486394286446,18.857770595267876,18.634,0.2237705952678759
2024-01-12,2024-02-09,20,0.9999602706532216,0.00029204712746911955,18.647280049849932,19.0113,-0.36401995015006605
2024-01-19,2024-02-16,20,0.9999624676589104,0.00029073497743335367,19.05895649750836,18.8852,0.1737564975083572
2024-01-26,2024-02-23,20,0.9999619465022758,0.0002910543428615057,18.98348203277985,19.2452,-0.26171796722015017
2024-02-02,2024-03-01,20,0.9999602676521193,0.0002920639503167788,18.699625335830337,19.2279,-0.5282746641696647
2024-02-09,2024-03-08,20,0.9999622738909737,0.00029086847462634805,19.07974931561271,18.6616,0.41814931561270896
2024-02-16,2024-03-15,20,0.9999614603126723,0.000291370154355794,18.952574157887014,18.6815,0.27107415788701417
2024-02-23,2024-03-22,19,0.9999633457575049,0.0002902417797902018,19.31178643664896,18.9907,0.3210864366489581
2024-03-01,2024-03-28,18,0.9999631521643499,0.00029036067092685913,19.290774544429055,18.9926,0.298174544429056
2024-03-08,2024-04-05,17,0.9999599037753001,0.0002923247481292668,18.71717811534314,18.6668,0.05037811534313974
2024-03-15,2024-04-12,17,0.9999599219654137,0.00029231508544611467,18.73713766210666,18.6866,0.050537662106663106
2024-03-22,2024-04-19,18,0.9999615590488702,0.0002913369363058354,19.051681682358794,19.2467,-0.1950183176412068
2024-03-28,2024-04-26,19,0.9999614935919603,0.00029137723553207713,19.056923895226287,18.9895,0.06742389522628756
2024-04-05,2024-05-03,19,0.99995960608437,0.00029251534094009216,18.7286961374692,18.5622,0.1664961374691991
2024-04-12,2024-05-10,19,0.9999596185891118,0.00029251286102115377,18.74855870299577,18.4012,0.3473587029957699
2024-04-19,2024-05-17,19,0.9999626013796408,0.00029072343463015793,19.31265929756844,18.2194,1.0932592975684408
2024-04-26,2024-05-24,19,0.9999610902697103,0.00029164351066699357,19.053482112427815,18.4186,0.6348821124278139
2024-05-03,2024-05-31,19,0.9999586511077412,0.00029310843680593597,18.623052123375583,18.8538,-0.23074787662441665
2024-05-10,2024-06-07,19,0.9999576649476899,0.0002936953313953668,18.460848820318496,18.8447,-0.3838511796815034
2024-05-17,2024-06-14,19,0.9999565645314124,0.0002943439096012577,18.277721218750838,18.3748,-0.09707878124916292
2024-05-24,2024-06-21,18,0.9999575812492034,0.000293749035480545,18.475082672374672,17.9574,0.5176826723746721
2024-05-31,2024-06-28,19,0.9999598990878572,0.00029237674912796496,18.916431058812748,18.2138,0.7026310588127487
2024-06-07,2024-07-05,19,0.9999597549991986,0.00029246607053074906,18.907187845774313,18.2022,0.704987845774312
2024-06-14,2024-07-12,19,0.9999570748662185,0.00029406420444352984,18.433911958617784,17.9533,0.4806119586177857
2024-06-21,2024-07-19,20,0.9999546789755277,0.00029547234804615865,18.016582285609513,18.35,-0.33341771439048884
2024-06-28,2024-07-26,20,0.9999560149655877,0.00029469813574240465,18.274726984417647,18.2658,0.008926984417648498
2024-07-05,2024-08-02,20,0.9999558596994491,0.00029479423269151983,18.26296892306604,18.2067,0.05626892306603892
2024-07-12,2024-08-08,19,0.9999543952863901,0.0002956481100584029,18.00929028939572,18.3673,-0.35800971060427855
2024-07-19,2024-08-16,19,0.9999564994474338,0.00029442346094238814,18.40859237625007,17.9446,0.4639923762500686
2024-07-26,2024-08-23,19,0.9999559422112944,0.00029475799615856296,18.32374591311499,17.9553,0.3684459131149893
2024-08-02,2024-08-30,19,0.9999555315442685,0.000295000020153674,18.26417832498069,17.6113,0.6528783249806906
2024-08-08,2024-09-06,20,0.9999563367930673,0.00029453448798691384,18.42888945754246,17.7112,0.717689457542459
2024-08-16,2024-09-13,20,0.9999539248189337,0.00029594557714274417,18.003137932451082,17.7564,0.246737932451083
2024-08-23,2024-09-20,20,0.9999539003190326,0.0002959617917228164,18.01384329260404,17.5715,0.4423432926040398
2024-08-30,2024-09-27,19,0.9999519144828697,0.00029710498428806123,17.664618031990546,17.1564,0.5082180319905447
2024-09-06,2024-10-04,19,0.9999523776975409,0.0002968496621627015,17.7650919815179,17.4904,0.27469198151790053
2024-09-13,2024-10-11,19,0.9999525374624404,0.00029676684626224584,17.81051598734352,17.4565,0.3540159873435229
2024-09-20,2024-10-18,19,0.9999514343273131,0.0002973994546005549,17.624371626270097,17.593,0.03137162627009715
2024-09-27,2024-10-25,20,0.9999490627360618,0.0002987383502992512,17.209282302187518,17.6735,-0.464217697812483
2024-10-04,2024-11-01,20,0.9999508353191782,0.0002977484695533762,17.545400177254127,17.6574,-0.11199982274587228
2024-10-11,2024-11-08,20,0.9999505659067176,0.0002979056174977901,17.511212134327742,17.4264,0.08481213432774126
2024-10-18,2024-11-15,20,0.9999512374533086,0.000297529072292721,17.648550993335064,18.2358,-0.587249006664937
2024-10-25,2024-11-22,20,0.999951602373369,0.0002973218808951722,17.72952450143933,18.0286,-0.29907549856067206
2024-11-01,2024-11-29,20,0.9999514297195484,0.0002974261568070881,17.713250382003498,18.0419,-0.3286496179965006
2024-11-08,2024-12-06,20,0.9999500760235844,0.0002982007327206049,17.480661221983034,18.0388,-0.5581387780169642
2024-11-15,2024-12-13,20,0.9999543914036285,0.00029573715635058034,18.295436101781203,17.8176,0.47783610178120384
2024-11-22,2024-12-20,19,0.9999531806444841,0.0002964494582307509,18.083827719119924,18.3414,-0.2575722808800762
2024-11-29,2024-12-27,17,0.9999531671643006,0.00029646247215696375,18.091326475279857,18.7921,-0.7007735247201445
2024-12-06,2025-01-03,16,0.9999530682411416,0.00029652261150611703,18.085245309347673,18.773,-0.6877546906523264
2024-12-13,2025-01-10,16,0.9999517822865419,0.00029727232228801893,17.862796772653066,18.9368,-1.0740032273469353
2024-12-20,2025-01-17,17,0.9999545419073159,0.00029567143622514196,18.392409287316486,18.7264,-0.33399071268351577
2024-12-27,2025-01-24,19,0.9999568942676932,0.00029427848894367226,18.85209621135069,18.3118,0.5402962113506895
2025-01-03,2025-01-31,20,0.9999567252249908,0.0002943802055839495,18.83596169410868,18.591,0.24496169410867807
2025-01-10,2025-02-07,20,0.9999575041946019,0.0002939158112515076,19.000862581518913,18.4284,0.5724625815189128
2025-01-17,2025-02-14,20,0.9999562947098527,0.00029465028847795526,18.788873191535263,18.3904,0.3984731915352633
2025-01-24,2025-02-21,20,0.9999539966069633,0.00029601957763558586,18.371296892677588,18.3322,0.03909689267758765
2025-01-31,2025-02-28,20,0.999955388545025,0.00029520773158803193,18.65235949546525,18.5065,0.14585949546525256
2025-02-07,2025-03-07,20,0.9999544241938363,0.0002957939121978543,18.488545159687586,18.0809,0.4076451596875863
2025-02-14,2025-03-14,20,0.9999541402590333,0.0002959631334466448,18.450213141822758,18.1979,0.2523131418227571
2025-02-21,2025-03-20,19,0.9999537462046822,0.0002961992872183724,18.38857211023478,18.1741,0.2144721102347802
2025-02-28,2025-03-28,19,0.9999545907560081,0.00029570129083922314,18.563947527758863,18.1883,0.37564752775886134
2025-03-07,2025-04-04,19,0.9999522353037716,0.0002970964150546621,18.135520993309278,19.0919,-0.956379006690721
2025-03-14,2025-04-11,19,0.9999527739196027,0.0002967879139680136,18.253202684394633,19.3565,-1.1032973156053671
2025-03-20,2025-04-17,19,0.9999525774761189,0.00029690891642747104,18.229196318882188,18.8727,-0.6435036811178101
2025-03-28,2025-04-25,18,0.9999525745842672,0.00029691167081782345,18.2405203663039,18.8032,-0.5626796336960993
2025-04-04,2025-05-02,16,0.9999572257352547,0.0002941521380880052,19.143271414015327,18.473,0.6702714140153283
2025-04-11,2025-05-09,16,0.9999584985251004,0.00029338700669138403,19.40933436611283,18.1779,1.231434366112829
2025-04-17,2025-05-16,17,0.999955897866057,0.0002949823059649629,18.92582947695043,18.0516,0.8742294769504291
2025-04-25,2025-05-23,18,0.9999554597011856,0.0002952533203847741,18.858961700477703,17.9148,0.9441617004777036
2025-05-02,2025-05-30,20,0.9999536740960946,0.000296324612407195,18.532635629898905,17.8463,0.6863356298989061
2025-05-09,2025-06-06,20,0.9999520398680355,0.0002972888538948263,18.235477698069452,17.7727,0.462777698069452
2025-05-16,2025-06-13,20,0.9999512930971126,0.0002977276021634824,18.10827498287384,17.9451,0.1631749828738407
2025-05-23,2025-06-20,19,0.9999504914083621,0.0002981950543982935,17.96772647191122,18.028,-0.060273528088778505
2025-05-30,2025-06-27,19,0.9999500537372207,0.0002984487409781744,17.89874585716106,17.8626,0.03614585716105978
2025-06-06,2025-07-04,19,0.9999495906824879,0.00029871532273527526,17.824638383131646,17.5669,0.2577383831316453
2025-06-13,2025-07-11,19,0.9999504255414096,0.0002982369506437779,17.99803667482046,17.8262,0.1718366748204616
2025-06-20,2025-07-18,20,0.9999507981479029,0.00029802487298814627,18.08421366361067,17.6783,0.4059136636106686
2025-06-27,2025-07-25,20,0.9999498357709434,0.0002985952797221952,17.91767045718518,17.7393,0.1783704571851814
2025-07-04,2025-08-01,20,0.9999481943807249,0.00029953985081099255,17.620028622289794,18.2913,-0.6712713777102053
2025-07-11,2025-08-08,20,0.9999494856852081,0.0002988071767430348,17.880909891491914,17.7139,0.16700989149191514
2025-07-18,2025-08-15,20,0.9999486286933681,0.00029930330945524605,17.732008020977887,17.542,0.19000802097788494
2025-07-25,2025-08-22,20,0.9999488751409852,0.00029916540245776037,17.793333565931917,17.6679,0.12543356593191746
2025-08-01,2025-08-29,20,0.9999516774725793,0.0002975482381511463,18.3488360724391,17.7493,0.599536072439097
2025-08-08,2025-09-05,20,0.9999485763500762,0.00029935511580100833,17.767644405994695,17.6962,0.07144440599469348
2025-08-15,2025-09-12,20,0.9999475997404371,0.0002999134448038104,17.594611138018113,17.4027,0.19191113801811355
2025-08-22,2025-09-19,20,0.9999481901250761,0.00029957903592450514,17.721238419532526,17.328,0.39323841953252625
2025-08-29,2025-09-26,19,0.9999485421289227,0.0002993810959718568,17.8003974466898,17.4483,0.35209744668980036
2025-09-05,2025-10-03,19,0.99994818917392,0.0002995869613094305,17.74692395501131,17.2491,0.49782395501131305
2025-09-12,2025-10-10,19,0.9999465767599977,0.0003005049862736426,17.45164680895295,17.2245,0.22714680895295203
2025-09-19,2025-10-17,19,0.9999461160245725,0.00030076433514026235,17.376464256619318,17.4711,-0.0946357433806817
2025-09-26,2025-10-24,20,0.9999466919311696,0.00030044180997957325,17.500004647784994,17.3507,0.14930464778499442
2025-10-03,2025-10-31,20,0.9999455753696767,0.0003010714613386478,17.299543634609016,17.3066,-0.007056365390983643
2025-10-10,2025-11-07,20,0.9999453788363266,0.0003011820110195274,17.27474342634102,17.3809,-0.10615657365898201
2025-10-17,2025-11-14,20,0.9999465971005076,0.00030050372522002594,17.522774448756145,17.1141,0.40867444875614467
2025-10-24,2025-11-21,20,0.9999458967774516,0.0003009012573085945,17.40158956397343,17.2863,0.11528956397343038
2025-10-31,2025-11-28,20,0.9999455941973988,0.000301075280853047,17.357168904702966,17.1635,0.19366890470296738
2025-11-07,2025-12-05,20,0.99994591289734,0.00030089896417902624,17.43186060236542,16.9318,0.5000606023654193
2025-11-14,2025-12-12,20,0.9999444472523407,0.0003017213829551618,17.163418815692182,16.8368,0.3266188156921821
2025-11-21,2025-12-19,19,0.999945279096555,0.0003012607388853995,17.334068235434927,16.7606,0.5734682354349268
2025-11-28,2025-12-24,17,0.9999445722510512,0.00030165557021955003,17.205574305314776,16.6744,0.5311743053147779
2025-12-05,2025-12-24,12,0.9999432947181289,0.00030236212257538526,16.960653516495,16.6744,0.28625351649500175
2025-12-12,2025-12-24,7,0.9999427318230861,0.00030267183042646795,16.853419882136077,16.6744,0.17901988213607822
2025-12-19,2025-12-24,3,0.9999422819679367,0.0003029169794423649,16.767650989647898,16.6744,0.09325098964789902
